{"val_precision":0.9359111189842224,"test_loss":0.05677516385912895,"test_precision":0.936159610748291,"val_recall":0.9239869713783264,"test_f1":0.9307258725166321,"train_iou":0.8927698731422424,"val_loss":NaN,"_wandb":{"runtime":725},"epoch":27,"test_recall":0.9257663488388062,"train_recall":0.933564305305481,"image":{"path":"media/images/image_674_dc0e5efce3db732d7cbe.png","format":"png","width":256,"height":256,"masks":{"ground_truth":{"path":"media/images/mask/image_674_3cca29c5f83cc68eddcf.mask.png","_type":"mask","sha256":"3cca29c5f83cc68eddcfa9c09bf9be585071cfb1464c0603ae73e9723975d4b1","size":720},"predictions":{"_type":"mask","sha256":"6f51ec142e18a41889a4f9b61aa59c0a5f1cb4feb8c5b607191b3788fb20587a","size":11600,"path":"media/images/mask/image_674_6f51ec142e18a41889a4.mask.png"}},"_type":"image-file","sha256":"dc0e5efce3db732d7cbea1d95b37252302cf9663fc3e9d890d2e2f88249514b8","size":127679},"train_f1":0.9433475136756897,"train_loss":0.04564812406897545,"trainer/global_step":9693,"_timestamp":1.7295978250258956e+09,"val_f1":0.9296374917030334,"val_iou":0.869006335735321,"train_precision":0.9533379673957825,"_runtime":725.241667199,"test_iou":0.87067049741745,"_step":684}