{"Train Recall":0.9416845653052833,"Train Loss":11.578872094640579,"Train Precision":0.4869832560180125,"Validation Loss":11.75018517051156,"Validation Dice":0.6424694662019024,"Validation F1":0.6424694657325745,"Validation IoU":0.4959055411768711,"_runtime":973.790083214,"_timestamp":1.736216580975969e+09,"_wandb":{"runtime":974},"Validation Precision":0.5100588065198087,"Train Dice":0.6372532236768009,"_step":9,"Train IoU":0.47212795540024,"Validation Recall":0.9193181916484683,"Train F1":0.6372532257027191}