{"train_f1":0.9098449349403381,"_timestamp":1.7295938008106735e+09,"val_recall":2.9470471417880617e-05,"train_iou":0.8346013426780701,"val_iou":2.946515269286465e-05,"_runtime":315.475928427,"val_loss":2.514780044555664,"train_loss":0.06104657053947449,"val_precision":0.1499774158000946,"epoch":12,"_step":338,"val_f1":5.892777699045837e-05,"train_precision":0.9192860722541809,"train_recall":0.9005957245826721,"image":{"width":256,"height":256,"masks":{"predictions":{"path":"media/images/mask/image_320_4fc83f0bd543fa465376.mask.png","_type":"mask","sha256":"4fc83f0bd543fa4653761fdff113a44f104a531edf62dbaaa12b0ce40f1df282","size":6129},"ground_truth":{"path":"media/images/mask/image_320_c5f1b01938b2c21152ee.mask.png","_type":"mask","sha256":"c5f1b01938b2c21152ee87fedb375f4eb8f89966c3fb6201a288d968474c73ae","size":737}},"_type":"image-file","sha256":"f1de83797b5b5f29446f8955985435efebec65d7794c79acd31fdd3ace2ebb9e","size":45284,"path":"media/images/image_320_f1de83797b5b5f29446f.png","format":"png"},"_wandb":{"runtime":316},"trainer/global_step":4666}